feature,psi,ks_stat,ks_pvalue,status
V1,1.4441694274008758,0.355105574794768,0.0,ALERT
V3,1.0724732533399164,0.4643246258501786,0.0,ALERT
V28,0.7174700178909371,0.30053093248750457,0.0,ALERT
V11,0.4443456284501944,0.19092417694889185,0.0,ALERT
V25,0.34692212971713965,0.2714175579915733,0.0,ALERT
V12,0.28986683365240595,0.10925679111753495,0.0,ALERT
V15,0.2793159438567854,0.22187826286701884,0.0,ALERT
V22,0.23241011113710225,0.17840351827686762,0.0,WARN
V5,0.21132879524956685,0.2093300161121071,0.0,WARN
V4,0.1839847429793377,0.16732624171599653,0.0,WARN
V23,0.17390696821874002,0.1708973848826949,0.0,WARN
V24,0.1648108141773851,0.07832452354697383,1.258307404362852e-268,WARN
V26,0.16272603592373877,0.07178697536762924,1.1247402889565392e-225,WARN
V21,0.13994880569729412,0.14102247649879684,0.0,WARN
V14,0.10584051431946054,0.1041125029290928,0.0,WARN
V7,0.10298308587068783,0.1160690880734711,0.0,WARN
V6,0.08065799049695954,0.11740501315856344,0.0,ok
V9,0.07699450368774777,0.05380631462622565,6.566024515673374e-127,ok
V20,0.07089745566513168,0.12314321752833968,0.0,ok
V8,0.06478978248573453,0.11007159852786608,0.0,ok
V13,0.058590058173571394,0.06107935324478597,1.925519810811388e-163,ok
V27,0.05502668655780089,0.07386929801102976,6.002880455767093e-239,ok
V17,0.05139627072308873,0.0956152560358619,0.0,ok
V10,0.04802290013363378,0.05566031397849924,8.812310107858058e-136,ok
V18,0.030692674410976003,0.07366760794701721,1.203944636716822e-237,ok
V19,0.02982727563532931,0.06028194791243058,3.2839618262051135e-159,ok
V2,0.024671650251465,0.03503202836112512,5.0218135601503846e-54,ok
V16,0.007147477043596465,0.019287235805404257,1.1337575886571025e-16,ok
log_amount,0.0038894891408049795,0.029464959656881673,2.4240334973550446e-38,ok
